match_no,match_id,date,venue,winner,won_by,batting_team,bowling_team,inning,overs,striker,striker_hand,bowler,bowler_style,delivery,pitching,shot_direction,runs_of_bat,extras,wide,noballs,legbyes,byes,panja,isWicket
1,202501,22 MAR 2025,"Eden Gardens, Kolkata",Royal Challengers Bengaluru,7 Wickets,KKR,RCB,1,0.1,Quinton De Kock,Left Handed Bat,Josh Hazlewood,Right-arm fast-medium,good length,on leg stump,Covers,0,0,0,0,0,0,0,0
1,202501,22 MAR 2025,"Eden Gardens, Kolkata",Royal Challengers Bengaluru,7 Wickets,KKR,RCB,1,0.2,Quinton De Kock,Left Handed Bat,Josh Hazlewood,Right-arm fast-medium,short of good length,on leg stump,Extra Cover,4,0,0,0,0,0,0,0
1,202501,22 MAR 2025,"Eden Gardens, Kolkata",Royal Challengers Bengaluru,7 Wickets,KKR,RCB,1,0.3,Quinton De Kock,Left Handed Bat,Josh Hazlewood,Right-arm fast-medium,Short of good length,outside leg stump,Straight,0,0,0,0,0,0,0,0
1,202501,22 MAR 2025,"Eden Gardens, Kolkata",Royal Challengers Bengaluru,7 Wickets,KKR,RCB,1,0.4,Quinton De Kock,Left Handed Bat,Josh Hazlewood,Right-arm fast-medium,Short of good length,on leg stump,,0,0,0,0,0,0,0,0
1,202501,22 MAR 2025,"Eden Gardens, Kolkata",Royal Challengers Bengaluru,7 Wickets,KKR,RCB,1,0.5,Quinton De Kock,Left Handed Bat,Josh Hazlewood,Right-arm fast-medium,short of good length,on leg stump,Wicketkeeper,0,0,0,0,0,0,0,1
1,202501,22 MAR 2025,"Eden Gardens, Kolkata",Royal Challengers Bengaluru,7 Wickets,KKR,RCB,1,0.6,Ajinkya Rahane,Right Handed Bat,Josh Hazlewood,Right-arm fast-medium,Good length,outside off stump,Short Mid-Wicket,0,0,0,0,0,0,0,0
1,202501,22 MAR 2025,"Eden Gardens, Kolkata",Royal Challengers Bengaluru,7 Wickets,KKR,RCB,1,1.1,Sunil Narine,Left Handed Bat,Yash Dayal,Left-arm fast-medium,short of good length,on off stump,,0,0,0,0,0,0,0,0
1,202501,22 MAR 2025,"Eden Gardens, Kolkata",Royal Challengers Bengaluru,7 Wickets,KKR,RCB,1,1.2,Sunil Narine,Left Handed Bat,Yash Dayal,Left-arm fast-medium,Yorker,on leg stump,,0,0,0,0,0,0,0,0
1,202501,22 MAR 2025,"Eden Gardens, Kolkata",Royal Challengers Bengaluru,7 Wickets,KKR,RCB,1,1.3,Sunil Narine,Left Handed Bat,Yash Dayal,Left-arm fast-medium,Short of good length,outside off stump,,0,0,0,0,0,0,0,0
1,202501,22 MAR 2025,"Eden Gardens, Kolkata",Royal Challengers Bengaluru,7 Wickets,KKR,RCB,1,1.4,Sunil Narine,Left Handed Bat,Yash Dayal,Left-arm fast-medium,Full length,outside off stump,Covers,0,0,0,0,0,0,0,0
1,202501,22 MAR 2025,"Eden Gardens, Kolkata",Royal Challengers Bengaluru,7 Wickets,KKR,RCB,1,1.5,Sunil Narine,Left Handed Bat,Yash Dayal,Left-arm fast-medium,Short of good length,outside off stump,Mid-Wicket,1,0,0,0,0,0,0,0
1,202501,22 MAR 2025,"Eden Gardens, Kolkata",Royal Challengers Bengaluru,7 Wickets,KKR,RCB,1,1.6,Ajinkya Rahane,Right Handed Bat,Yash Dayal,Left-arm fast-medium,Full length,outside leg stump,Mid-Wicket,0,0,0,0,0,0,0,0
1,202501,22 MAR 2025,"Eden Gardens, Kolkata",Royal Challengers Bengaluru,7 Wickets,KKR,RCB,1,2.1,Sunil Narine,Left Handed Bat,Josh Hazlewood,Right-arm fast-medium,Short of good length,outside leg stump,Mid-Wicket,0,0,0,0,0,0,0,0
1,202501,22 MAR 2025,"Eden Gardens, Kolkata",Royal Challengers Bengaluru,7 Wickets,KKR,RCB,1,2.2,Sunil Narine,Left Handed Bat,Josh Hazlewood,Right-arm fast-medium,Short of good length,on off stump,,0,0,0,0,0,0,0,0
1,202501,22 MAR 2025,"Eden Gardens, Kolkata",Royal Challengers Bengaluru,7 Wickets,KKR,RCB,1,2.3,Sunil Narine,Left Handed Bat,Josh Hazlewood,Right-arm fast-medium,Short of good length,on leg stump,Mid-Wicket,0,0,0,0,0,0,0,0
1,202501,22 MAR 2025,"Eden Gardens, Kolkata",Royal Challengers Bengaluru,7 Wickets,KKR,RCB,1,2.4,Sunil Narine,Left Handed Bat,Josh Hazlewood,Right-arm fast-medium,short length,outside leg stump,Wicketkeeper,4,0,0,0,0,0,0,0
1,202501,22 MAR 2025,"Eden Gardens, Kolkata",Royal Challengers Bengaluru,7 Wickets,KKR,RCB,1,2.5,Sunil Narine,Left Handed Bat,Josh Hazlewood,Right-arm fast-medium,Short of good length,outside leg stump,Mid-On,0,0,0,0,0,0,0,0
1,202501,22 MAR 2025,"Eden Gardens, Kolkata",Royal Challengers Bengaluru,7 Wickets,KKR,RCB,1,2.6,Sunil Narine,Left Handed Bat,Josh Hazlewood,Right-arm fast-medium,Short of good length,on off stump,Long-Off,0,0,0,0,0,0,0,0
1,202501,22 MAR 2025,"Eden Gardens, Kolkata",Royal Challengers Bengaluru,7 Wickets,KKR,RCB,1,3.1,Ajinkya Rahane,Right Handed Bat,Rasikh Dar,Right-arm fast-medium,short of good length,outside off stump,,0,0,0,0,0,0,0,0
1,202501,22 MAR 2025,"Eden Gardens, Kolkata",Royal Challengers Bengaluru,7 Wickets,KKR,RCB,1,3.2,Ajinkya Rahane,Right Handed Bat,Rasikh Dar,Right-arm fast-medium,good length,on leg stump,Deep Fine Leg,4,0,0,0,0,0,0,0
1,202501,22 MAR 2025,"Eden Gardens, Kolkata",Royal Challengers Bengaluru,7 Wickets,KKR,RCB,1,3.3,Ajinkya Rahane,Right Handed Bat,Rasikh Dar,Right-arm fast-medium,short of good length,outside off stump,Square Leg,6,0,0,0,0,0,0,0
1,202501,22 MAR 2025,"Eden Gardens, Kolkata",Royal Challengers Bengaluru,7 Wickets,KKR,RCB,1,3.4,Ajinkya Rahane,Right Handed Bat,Rasikh Dar,Right-arm fast-medium,Good length,outside off stump,Covers,0,0,0,0,0,0,0,0
1,202501,22 MAR 2025,"Eden Gardens, Kolkata",Royal Challengers Bengaluru,7 Wickets,KKR,RCB,1,3.5,Ajinkya Rahane,Right Handed Bat,Rasikh Dar,Right-arm fast-medium,short of good length,outside off stump,Long-On,6,0,0,0,0,0,0,0
1,202501,22 MAR 2025,"Eden Gardens, Kolkata",Royal Challengers Bengaluru,7 Wickets,KKR,RCB,1,3.6,Ajinkya Rahane,Right Handed Bat,Rasikh Dar,Right-arm fast-medium,Good length,outside off stump,Short Third Man,0,0,0,0,0,0,0,0
1,202501,22 MAR 2025,"Eden Gardens, Kolkata",Royal Challengers Bengaluru,7 Wickets,KKR,RCB,1,4.1,Sunil Narine,Left Handed Bat,Krunal Pandya,Left-arm orthodox,good length,on off stump,Long-On,6,0,0,0,0,0,0,0
1,202501,22 MAR 2025,"Eden Gardens, Kolkata",Royal Challengers Bengaluru,7 Wickets,KKR,RCB,1,4.2,Sunil Narine,Left Handed Bat,Krunal Pandya,Left-arm orthodox,Full length,on leg stump,Wide Long-On,1,0,0,0,0,0,0,0
1,202501,22 MAR 2025,"Eden Gardens, Kolkata",Royal Challengers Bengaluru,7 Wickets,KKR,RCB,1,4.3,Ajinkya Rahane,Right Handed Bat,Krunal Pandya,Left-arm orthodox,Good length,on leg stump,Backward Short Leg,0,0,0,0,0,0,0,0
1,202501,22 MAR 2025,"Eden Gardens, Kolkata",Royal Challengers Bengaluru,7 Wickets,KKR,RCB,1,4.4,Ajinkya Rahane,Right Handed Bat,Krunal Pandya,Left-arm orthodox,Full length,on leg stump,Third Man,0,0,0,0,0,0,0,0
1,202501,22 MAR 2025,"Eden Gardens, Kolkata",Royal Challengers Bengaluru,7 Wickets,KKR,RCB,1,4.5,Ajinkya Rahane,Right Handed Bat,Krunal Pandya,Left-arm orthodox,full length,on leg stump,Deep Square Leg,4,0,0,0,0,0,0,0
1,202501,22 MAR 2025,"Eden Gardens, Kolkata",Royal Challengers Bengaluru,7 Wickets,KKR,RCB,1,4.6,Ajinkya Rahane,Right Handed Bat,Krunal Pandya,Left-arm orthodox,full length,on middle stump,Wide Long-On,4,0,0,0,0,0,0,0
1,202501,22 MAR 2025,"Eden Gardens, Kolkata",Royal Challengers Bengaluru,7 Wickets,KKR,RCB,1,5.1,Sunil Narine,Left Handed Bat,Yash Dayal,Left-arm fast-medium,full length,on leg stump,Mid-On,4,0,0,0,0,0,0,0
1,202501,22 MAR 2025,"Eden Gardens, Kolkata",Royal Challengers Bengaluru,7 Wickets,KKR,RCB,1,5.2,Sunil Narine,Left Handed Bat,Yash Dayal,Left-arm fast-medium,Good length,outside off stump,Long-On,1,0,0,0,0,0,0,0
1,202501,22 MAR 2025,"Eden Gardens, Kolkata",Royal Challengers Bengaluru,7 Wickets,KKR,RCB,1,5.3,Ajinkya Rahane,Right Handed Bat,Yash Dayal,Left-arm fast-medium,full length,on leg stump,Third Man,4,0,0,0,0,0,0,0
1,202501,22 MAR 2025,"Eden Gardens, Kolkata",Royal Challengers Bengaluru,7 Wickets,KKR,RCB,1,5.4,Ajinkya Rahane,Right Handed Bat,Yash Dayal,Left-arm fast-medium,full length,outside leg stump,Deep Backward Square Leg,6,0,0,0,0,0,0,0
1,202501,22 MAR 2025,"Eden Gardens, Kolkata",Royal Challengers Bengaluru,7 Wickets,KKR,RCB,1,5.5,Ajinkya Rahane,Right Handed Bat,Yash Dayal,Left-arm fast-medium,full toss,outside off stump,Point,4,0,0,0,0,0,0,0
1,202501,22 MAR 2025,"Eden Gardens, Kolkata",Royal Challengers Bengaluru,7 Wickets,KKR,RCB,1,5.6,Ajinkya Rahane,Right Handed Bat,Yash Dayal,Left-arm fast-medium,Good length,outside off stump,Deep Backward Point,1,0,0,0,0,0,0,0
1,202501,22 MAR 2025,"Eden Gardens, Kolkata",Royal Challengers Bengaluru,7 Wickets,KKR,RCB,1,6.1,Ajinkya Rahane,Right Handed Bat,Suyash Sharma,Right-arm legbreak,short of good length,outside off stump,,0,0,0,0,0,0,0,0
1,202501,22 MAR 2025,"Eden Gardens, Kolkata",Royal Challengers Bengaluru,7 Wickets,KKR,RCB,1,6.2,Ajinkya Rahane,Right Handed Bat,Suyash Sharma,Right-arm legbreak,good length,outside off stump,Point,4,0,0,0,0,0,0,0
1,202501,22 MAR 2025,"Eden Gardens, Kolkata",Royal Challengers Bengaluru,7 Wickets,KKR,RCB,1,6.3,Ajinkya Rahane,Right Handed Bat,Suyash Sharma,Right-arm legbreak,Good length,outside off stump,Forward Point,0,0,0,0,0,0,0,0
1,202501,22 MAR 2025,"Eden Gardens, Kolkata",Royal Challengers Bengaluru,7 Wickets,KKR,RCB,1,6.4,Ajinkya Rahane,Right Handed Bat,Suyash Sharma,Right-arm legbreak,Full length,outside off stump,Mid-Wicket,0,0,0,0,0,0,0,0
1,202501,22 MAR 2025,"Eden Gardens, Kolkata",Royal Challengers Bengaluru,7 Wickets,KKR,RCB,1,6.5,Ajinkya Rahane,Right Handed Bat,Suyash Sharma,Right-arm legbreak,Good length,outside off stump,,0,0,0,0,0,0,0,0
1,202501,22 MAR 2025,"Eden Gardens, Kolkata",Royal Challengers Bengaluru,7 Wickets,KKR,RCB,1,6.6,Ajinkya Rahane,Right Handed Bat,Suyash Sharma,Right-arm legbreak,Good length,outside off stump,Wide Long-Off,1,0,0,0,0,0,0,0
1,202501,22 MAR 2025,"Eden Gardens, Kolkata",Royal Challengers Bengaluru,7 Wickets,KKR,RCB,1,7.1,Ajinkya Rahane,Right Handed Bat,Rasikh Dar,Right-arm fast-medium,Good length,on middle stump,Mid-Wicket,0,1,0,0,1,0,0,0
1,202501,22 MAR 2025,"Eden Gardens, Kolkata",Royal Challengers Bengaluru,7 Wickets,KKR,RCB,1,7.2,Sunil Narine,Left Handed Bat,Rasikh Dar,Right-arm fast-medium,Yorker,outside off stump,,1,0,0,0,0,0,0,0
1,202501,22 MAR 2025,"Eden Gardens, Kolkata",Royal Challengers Bengaluru,7 Wickets,KKR,RCB,1,7.2,Sunil Narine,Left Handed Bat,Rasikh Dar,Right-arm fast-medium,Good length,wide outside off stump,,0,1,1,0,0,0,0,0
1,202501,22 MAR 2025,"Eden Gardens, Kolkata",Royal Challengers Bengaluru,7 Wickets,KKR,RCB,1,7.3,Ajinkya Rahane,Right Handed Bat,Rasikh Dar,Right-arm fast-medium,Short of good length,outside off stump,Long-On,1,0,0,0,0,0,0,0
1,202501,22 MAR 2025,"Eden Gardens, Kolkata",Royal Challengers Bengaluru,7 Wickets,KKR,RCB,1,7.4,Sunil Narine,Left Handed Bat,Rasikh Dar,Right-arm fast-medium,Full length,outside off stump,Long-Off,0,0,0,0,0,0,0,0
1,202501,22 MAR 2025,"Eden Gardens, Kolkata",Royal Challengers Bengaluru,7 Wickets,KKR,RCB,1,7.4,Sunil Narine,Left Handed Bat,Rasikh Dar,Right-arm fast-medium,Short length,outside off stump,,0,1,1,0,0,0,0,0
1,202501,22 MAR 2025,"Eden Gardens, Kolkata",Royal Challengers Bengaluru,7 Wickets,KKR,RCB,1,7.5,Sunil Narine,Left Handed Bat,Rasikh Dar,Right-arm fast-medium,yorker,outside off stump,Third Man,4,0,0,0,0,0,0,0
1,202501,22 MAR 2025,"Eden Gardens, Kolkata",Royal Challengers Bengaluru,7 Wickets,KKR,RCB,1,7.6,Sunil Narine,Left Handed Bat,Rasikh Dar,Right-arm fast-medium,Short of good length,wide outside off stump,Covers,0,0,0,0,0,0,0,0
1,202501,22 MAR 2025,"Eden Gardens, Kolkata",Royal Challengers Bengaluru,7 Wickets,KKR,RCB,1,8.1,Ajinkya Rahane,Right Handed Bat,Suyash Sharma,Right-arm legbreak,full length,outside off stump,Deep Midwicket,6,0,0,0,0,0,0,0
1,202501,22 MAR 2025,"Eden Gardens, Kolkata",Royal Challengers Bengaluru,7 Wickets,KKR,RCB,1,8.1,Ajinkya Rahane,Right Handed Bat,Suyash Sharma,Right-arm legbreak,Full length,outside leg stump,Square Leg,0,1,1,0,0,0,0,0
1,202501,22 MAR 2025,"Eden Gardens, Kolkata",Royal Challengers Bengaluru,7 Wickets,KKR,RCB,1,8.2,Ajinkya Rahane,Right Handed Bat,Suyash Sharma,Right-arm legbreak,Good length,outside off stump,Deep Extra Covers,2,0,0,0,0,0,0,0
1,202501,22 MAR 2025,"Eden Gardens, Kolkata",Royal Challengers Bengaluru,7 Wickets,KKR,RCB,1,8.3,Ajinkya Rahane,Right Handed Bat,Suyash Sharma,Right-arm legbreak,Full length,outside off stump,Deep Covers,1,0,0,0,0,0,0,0
1,202501,22 MAR 2025,"Eden Gardens, Kolkata",Royal Challengers Bengaluru,7 Wickets,KKR,RCB,1,8.4,Sunil Narine,Left Handed Bat,Suyash Sharma,Right-arm legbreak,Full length,outside off stump,Long-Off,2,0,0,0,0,0,0,0
1,202501,22 MAR 2025,"Eden Gardens, Kolkata",Royal Challengers Bengaluru,7 Wickets,KKR,RCB,1,8.5,Sunil Narine,Left Handed Bat,Suyash Sharma,Right-arm legbreak,full length,outside off stump,Deep Extra Cover,6,0,0,0,0,0,0,0
1,202501,22 MAR 2025,"Eden Gardens, Kolkata",Royal Challengers Bengaluru,7 Wickets,KKR,RCB,1,8.6,Sunil Narine,Left Handed Bat,Suyash Sharma,Right-arm legbreak,full length,outside off stump,Straight,4,0,0,0,0,0,0,0
1,202501,22 MAR 2025,"Eden Gardens, Kolkata",Royal Challengers Bengaluru,7 Wickets,KKR,RCB,1,9.1,Ajinkya Rahane,Right Handed Bat,Rasikh Dar,Right-arm fast-medium,Good length,outside off stump,Mid-Wicket,0,0,0,0,0,0,0,0
1,202501,22 MAR 2025,"Eden Gardens, Kolkata",Royal Challengers Bengaluru,7 Wickets,KKR,RCB,1,9.2,Ajinkya Rahane,Right Handed Bat,Rasikh Dar,Right-arm fast-medium,Short length,outside off stump,Deep Mid-Wicket,1,0,0,0,0,0,0,0
1,202501,22 MAR 2025,"Eden Gardens, Kolkata",Royal Challengers Bengaluru,7 Wickets,KKR,RCB,1,9.3,Sunil Narine,Left Handed Bat,Rasikh Dar,Right-arm fast-medium,full toss,on leg stump,Deep Extra Cover,4,0,0,0,0,0,0,0
1,202501,22 MAR 2025,"Eden Gardens, Kolkata",Royal Challengers Bengaluru,7 Wickets,KKR,RCB,1,9.4,Sunil Narine,Left Handed Bat,Rasikh Dar,Right-arm fast-medium,Short of good length,outside off stump,,0,0,0,0,0,0,0,0
1,202501,22 MAR 2025,"Eden Gardens, Kolkata",Royal Challengers Bengaluru,7 Wickets,KKR,RCB,1,9.5,Sunil Narine,Left Handed Bat,Rasikh Dar,Right-arm fast-medium,short of good length,outside off stump,Wide Long-On,6,0,0,0,0,0,0,0
1,202501,22 MAR 2025,"Eden Gardens, Kolkata",Royal Challengers Bengaluru,7 Wickets,KKR,RCB,1,9.6,Sunil Narine,Left Handed Bat,Rasikh Dar,Right-arm fast-medium,good length,outside off,Wicketkeeper,0,0,0,0,0,0,0,1
1,202501,22 MAR 2025,"Eden Gardens, Kolkata",Royal Challengers Bengaluru,7 Wickets,KKR,RCB,1,10.1,Ajinkya Rahane,Right Handed Bat,Krunal Pandya,Left-arm orthodox,Good length,outside off stump,Country,1,0,0,0,0,0,0,0
1,202501,22 MAR 2025,"Eden Gardens, Kolkata",Royal Challengers Bengaluru,7 Wickets,KKR,RCB,1,10.2,Venkatesh Iyer,Left Handed Bat,Krunal Pandya,Left-arm orthodox,Good length,outside leg stump,Country,1,0,0,0,0,0,0,0
1,202501,22 MAR 2025,"Eden Gardens, Kolkata",Royal Challengers Bengaluru,7 Wickets,KKR,RCB,1,10.3,Ajinkya Rahane,Right Handed Bat,Krunal Pandya,Left-arm orthodox,good length,on leg stump,Mid-Wicket,0,0,0,0,0,0,0,1
1,202501,22 MAR 2025,"Eden Gardens, Kolkata",Royal Challengers Bengaluru,7 Wickets,KKR,RCB,1,10.4,Angkrish Raghuvanshi,Right Handed Bat,Krunal Pandya,Left-arm orthodox,Good length,on leg stump,Short Square Leg,1,0,0,0,0,0,0,0
1,202501,22 MAR 2025,"Eden Gardens, Kolkata",Royal Challengers Bengaluru,7 Wickets,KKR,RCB,1,10.5,Venkatesh Iyer,Left Handed Bat,Krunal Pandya,Left-arm orthodox,Good length,on leg stump,Mid-Wicket,0,0,0,0,0,0,0,0
1,202501,22 MAR 2025,"Eden Gardens, Kolkata",Royal Challengers Bengaluru,7 Wickets,KKR,RCB,1,10.6,Venkatesh Iyer,Left Handed Bat,Krunal Pandya,Left-arm orthodox,Full length,outside leg stump,Mid-Wicket,0,0,0,0,0,0,0,0
1,202501,22 MAR 2025,"Eden Gardens, Kolkata",Royal Challengers Bengaluru,7 Wickets,KKR,RCB,1,11.1,Angkrish Raghuvanshi,Right Handed Bat,Suyash Sharma,Right-arm legbreak,Full length,on off stump,Deep Mid-Wicket,1,0,0,0,0,0,0,0
1,202501,22 MAR 2025,"Eden Gardens, Kolkata",Royal Challengers Bengaluru,7 Wickets,KKR,RCB,1,11.2,Venkatesh Iyer,Left Handed Bat,Suyash Sharma,Right-arm legbreak,Full length,outside off stump,Forward Point,0,0,0,0,0,0,0,0
1,202501,22 MAR 2025,"Eden Gardens, Kolkata",Royal Challengers Bengaluru,7 Wickets,KKR,RCB,1,11.3,Venkatesh Iyer,Left Handed Bat,Suyash Sharma,Right-arm legbreak,good length,outside leg stump,Deep Backward Square Leg,4,0,0,0,0,0,0,0
1,202501,22 MAR 2025,"Eden Gardens, Kolkata",Royal Challengers Bengaluru,7 Wickets,KKR,RCB,1,11.4,Venkatesh Iyer,Left Handed Bat,Suyash Sharma,Right-arm legbreak,Good length,on off stump,Cover,1,0,0,0,0,0,0,0
1,202501,22 MAR 2025,"Eden Gardens, Kolkata",Royal Challengers Bengaluru,7 Wickets,KKR,RCB,1,11.5,Angkrish Raghuvanshi,Right Handed Bat,Suyash Sharma,Right-arm legbreak,full length,outside off stump,Long Off,4,0,0,0,0,0,0,0
1,202501,22 MAR 2025,"Eden Gardens, Kolkata",Royal Challengers Bengaluru,7 Wickets,KKR,RCB,1,11.6,Angkrish Raghuvanshi,Right Handed Bat,Suyash Sharma,Right-arm legbreak,good length,outside off stump,Deep Point,4,0,0,0,0,0,0,0
1,202501,22 MAR 2025,"Eden Gardens, Kolkata",Royal Challengers Bengaluru,7 Wickets,KKR,RCB,1,12.1,Venkatesh Iyer,Left Handed Bat,Krunal Pandya,Left-arm orthodox,good length,on leg stump,Long-On,0,0,0,0,0,0,0,1
1,202501,22 MAR 2025,"Eden Gardens, Kolkata",Royal Challengers Bengaluru,7 Wickets,KKR,RCB,1,12.1,Venkatesh Iyer,Left Handed Bat,Krunal Pandya,Left-arm orthodox,Short length,outside leg stump,,0,1,1,0,0,0,0,0
1,202501,22 MAR 2025,"Eden Gardens, Kolkata",Royal Challengers Bengaluru,7 Wickets,KKR,RCB,1,12.2,Rinku Singh,Left Handed Bat,Krunal Pandya,Left-arm orthodox,Full length,on off stump,Long-Off,1,0,0,0,0,0,0,0
1,202501,22 MAR 2025,"Eden Gardens, Kolkata",Royal Challengers Bengaluru,7 Wickets,KKR,RCB,1,12.3,Angkrish Raghuvanshi,Right Handed Bat,Krunal Pandya,Left-arm orthodox,Good length,on middle stump,Mid-Wicket,1,0,0,0,0,0,0,0
1,202501,22 MAR 2025,"Eden Gardens, Kolkata",Royal Challengers Bengaluru,7 Wickets,KKR,RCB,1,12.4,Rinku Singh,Left Handed Bat,Krunal Pandya,Left-arm orthodox,Good length,on middle stump,Short Third Man,1,0,0,0,0,0,0,0
1,202501,22 MAR 2025,"Eden Gardens, Kolkata",Royal Challengers Bengaluru,7 Wickets,KKR,RCB,1,12.5,Angkrish Raghuvanshi,Right Handed Bat,Krunal Pandya,Left-arm orthodox,Good length,outside off stump,Wide Long-On,2,0,0,0,0,0,0,0
1,202501,22 MAR 2025,"Eden Gardens, Kolkata",Royal Challengers Bengaluru,7 Wickets,KKR,RCB,1,12.6,Angkrish Raghuvanshi,Right Handed Bat,Krunal Pandya,Left-arm orthodox,Full length,outside off stump,Deep Mid-Wicket,1,0,0,0,0,0,0,0
1,202501,22 MAR 2025,"Eden Gardens, Kolkata",Royal Challengers Bengaluru,7 Wickets,KKR,RCB,1,13.1,Angkrish Raghuvanshi,Right Handed Bat,Liam Livingstone,Right-arm legbreak,good length,on off stump,Point,1,0,0,0,0,0,0,0
1,202501,22 MAR 2025,"Eden Gardens, Kolkata",Royal Challengers Bengaluru,7 Wickets,KKR,RCB,1,13.2,Rinku Singh,Left Handed Bat,Liam Livingstone,Right-arm legbreak,Good length,outside off stump,Wide Long-On,1,0,0,0,0,0,0,0
1,202501,22 MAR 2025,"Eden Gardens, Kolkata",Royal Challengers Bengaluru,7 Wickets,KKR,RCB,1,13.3,Angkrish Raghuvanshi,Right Handed Bat,Liam Livingstone,Right-arm legbreak,Good length,on off stump,Deep Mid-Wicket,1,0,0,0,0,0,0,0
1,202501,22 MAR 2025,"Eden Gardens, Kolkata",Royal Challengers Bengaluru,7 Wickets,KKR,RCB,1,13.4,Rinku Singh,Left Handed Bat,Liam Livingstone,Right-arm legbreak,good length,outside off stump,Long-On,4,0,0,0,0,0,0,0
1,202501,22 MAR 2025,"Eden Gardens, Kolkata",Royal Challengers Bengaluru,7 Wickets,KKR,RCB,1,13.5,Rinku Singh,Left Handed Bat,Liam Livingstone,Right-arm legbreak,Full length,on off stump,Deep Mid-Wicket,2,0,0,0,0,0,0,0
1,202501,22 MAR 2025,"Eden Gardens, Kolkata",Royal Challengers Bengaluru,7 Wickets,KKR,RCB,1,13.6,Rinku Singh,Left Handed Bat,Liam Livingstone,Right-arm legbreak,Good length,on off stump,Deep Square Leg,1,0,0,0,0,0,0,0
1,202501,22 MAR 2025,"Eden Gardens, Kolkata",Royal Challengers Bengaluru,7 Wickets,KKR,RCB,1,14.1,Rinku Singh,Left Handed Bat,Krunal Pandya,Left-arm orthodox,Good length,on leg stump,Mid-Wicket,1,0,0,0,0,0,0,0
1,202501,22 MAR 2025,"Eden Gardens, Kolkata",Royal Challengers Bengaluru,7 Wickets,KKR,RCB,1,14.2,Angkrish Raghuvanshi,Right Handed Bat,Krunal Pandya,Left-arm orthodox,Good length,outside off stump,Deep Mid-Wicket,1,0,0,0,0,0,0,0
1,202501,22 MAR 2025,"Eden Gardens, Kolkata",Royal Challengers Bengaluru,7 Wickets,KKR,RCB,1,14.3,Rinku Singh,Left Handed Bat,Krunal Pandya,Left-arm orthodox,Good length,outside leg stump,,0,0,0,0,0,0,0,0
1,202501,22 MAR 2025,"Eden Gardens, Kolkata",Royal Challengers Bengaluru,7 Wickets,KKR,RCB,1,14.4,Rinku Singh,Left Handed Bat,Krunal Pandya,Left-arm orthodox,Good length,on middle stump,Country,1,0,0,0,0,0,0,0
1,202501,22 MAR 2025,"Eden Gardens, Kolkata",Royal Challengers Bengaluru,7 Wickets,KKR,RCB,1,14.5,Angkrish Raghuvanshi,Right Handed Bat,Krunal Pandya,Left-arm orthodox,Good length,outside off stump,Long-On,1,0,0,0,0,0,0,0
1,202501,22 MAR 2025,"Eden Gardens, Kolkata",Royal Challengers Bengaluru,7 Wickets,KKR,RCB,1,14.6,Rinku Singh,Left Handed Bat,Krunal Pandya,Left-arm orthodox,good length,on leg stump,Mid-Wicket,0,0,0,0,0,0,0,1
1,202501,22 MAR 2025,"Eden Gardens, Kolkata",Royal Challengers Bengaluru,7 Wickets,KKR,RCB,1,15.1,Angkrish Raghuvanshi,Right Handed Bat,Suyash Sharma,Right-arm legbreak,Good length,outside off stump,Deep Covers,1,0,0,0,0,0,0,0
1,202501,22 MAR 2025,"Eden Gardens, Kolkata",Royal Challengers Bengaluru,7 Wickets,KKR,RCB,1,15.2,Andre Russell,Right Handed Bat,Suyash Sharma,Right-arm legbreak,Full length,on off stump,Mid-On,0,0,0,0,0,0,0,0
1,202501,22 MAR 2025,"Eden Gardens, Kolkata",Royal Challengers Bengaluru,7 Wickets,KKR,RCB,1,15.3,Andre Russell,Right Handed Bat,Suyash Sharma,Right-arm legbreak,good length,outside off stump,Point,4,0,0,0,0,0,0,0
1,202501,22 MAR 2025,"Eden Gardens, Kolkata",Royal Challengers Bengaluru,7 Wickets,KKR,RCB,1,15.4,Andre Russell,Right Handed Bat,Suyash Sharma,Right-arm legbreak,full length,outside off stump,Cow Corner,0,0,0,0,0,0,0,1
1,202501,22 MAR 2025,"Eden Gardens, Kolkata",Royal Challengers Bengaluru,7 Wickets,KKR,RCB,1,15.5,Ramandeep Singh,Right Handed Bat,Suyash Sharma,Right-arm legbreak,Full length,outside off stump,Mid-On,0,0,0,0,0,0,0,0
1,202501,22 MAR 2025,"Eden Gardens, Kolkata",Royal Challengers Bengaluru,7 Wickets,KKR,RCB,1,15.6,Ramandeep Singh,Right Handed Bat,Suyash Sharma,Right-arm legbreak,Full length,on middle stump,Mid-Wicket,1,0,0,0,0,0,0,0
1,202501,22 MAR 2025,"Eden Gardens, Kolkata",Royal Challengers Bengaluru,7 Wickets,KKR,RCB,1,16.1,Ramandeep Singh,Right Handed Bat,Liam Livingstone,Right-arm legbreak,good length,on off stump,Wide Long-On,1,0,0,0,0,0,0,0
1,202501,22 MAR 2025,"Eden Gardens, Kolkata",Royal Challengers Bengaluru,7 Wickets,KKR,RCB,1,16.2,Angkrish Raghuvanshi,Right Handed Bat,Liam Livingstone,Right-arm legbreak,Good length,on leg stump,Deep Mid-Wicket,1,0,0,0,0,0,0,0
1,202501,22 MAR 2025,"Eden Gardens, Kolkata",Royal Challengers Bengaluru,7 Wickets,KKR,RCB,1,16.3,Ramandeep Singh,Right Handed Bat,Liam Livingstone,Right-arm legbreak,Good length,on off stump,Short Extra Covers,1,0,0,0,0,0,0,0
1,202501,22 MAR 2025,"Eden Gardens, Kolkata",Royal Challengers Bengaluru,7 Wickets,KKR,RCB,1,16.4,Angkrish Raghuvanshi,Right Handed Bat,Liam Livingstone,Right-arm legbreak,Good length,on leg stump,,0,0,0,0,0,0,0,0
1,202501,22 MAR 2025,"Eden Gardens, Kolkata",Royal Challengers Bengaluru,7 Wickets,KKR,RCB,1,16.5,Angkrish Raghuvanshi,Right Handed Bat,Liam Livingstone,Right-arm legbreak,Good length,outside off stump,Long-On,1,0,0,0,0,0,0,0
1,202501,22 MAR 2025,"Eden Gardens, Kolkata",Royal Challengers Bengaluru,7 Wickets,KKR,RCB,1,16.6,Ramandeep Singh,Right Handed Bat,Liam Livingstone,Right-arm legbreak,Good length,outside off stump,Forward Point,0,0,0,0,0,0,0,0
1,202501,22 MAR 2025,"Eden Gardens, Kolkata",Royal Challengers Bengaluru,7 Wickets,KKR,RCB,1,17.1,Angkrish Raghuvanshi,Right Handed Bat,Josh Hazlewood,Right-arm fast-medium,short length,outside off stump,Mid-Wicket,0,0,0,0,0,0,0,0
1,202501,22 MAR 2025,"Eden Gardens, Kolkata",Royal Challengers Bengaluru,7 Wickets,KKR,RCB,1,17.2,Angkrish Raghuvanshi,Right Handed Bat,Josh Hazlewood,Right-arm fast-medium,Short of good length,outside off stump,Mid-Wicket,1,0,0,0,0,0,0,0
1,202501,22 MAR 2025,"Eden Gardens, Kolkata",Royal Challengers Bengaluru,7 Wickets,KKR,RCB,1,17.3,Ramandeep Singh,Right Handed Bat,Josh Hazlewood,Right-arm fast-medium,Short of good length,outside off stump,Long-On,0,1,0,0,1,0,0,0
1,202501,22 MAR 2025,"Eden Gardens, Kolkata",Royal Challengers Bengaluru,7 Wickets,KKR,RCB,1,17.4,Angkrish Raghuvanshi,Right Handed Bat,Josh Hazlewood,Right-arm fast-medium,short of good length,outside off stump,Long-On,6,0,0,0,0,0,0,0
1,202501,22 MAR 2025,"Eden Gardens, Kolkata",Royal Challengers Bengaluru,7 Wickets,KKR,RCB,1,17.5,Angkrish Raghuvanshi,Right Handed Bat,Josh Hazlewood,Right-arm fast-medium,Short of good length,outside off stump,Long-On,1,0,0,0,0,0,0,0
1,202501,22 MAR 2025,"Eden Gardens, Kolkata",Royal Challengers Bengaluru,7 Wickets,KKR,RCB,1,17.6,Ramandeep Singh,Right Handed Bat,Josh Hazlewood,Right-arm fast-medium,Yorker,outside off stump,Square Third Man,1,0,0,0,0,0,0,0
1,202501,22 MAR 2025,"Eden Gardens, Kolkata",Royal Challengers Bengaluru,7 Wickets,KKR,RCB,1,18.1,Ramandeep Singh,Right Handed Bat,Yash Dayal,Left-arm fast-medium,Short of good length,on off stump,Covers,1,0,0,0,0,0,0,0
1,202501,22 MAR 2025,"Eden Gardens, Kolkata",Royal Challengers Bengaluru,7 Wickets,KKR,RCB,1,18.2,Angkrish Raghuvanshi,Right Handed Bat,Yash Dayal,Left-arm fast-medium,Short length,outside leg stump,Deep Mid-Wicket,1,0,0,0,0,0,0,0
1,202501,22 MAR 2025,"Eden Gardens, Kolkata",Royal Challengers Bengaluru,7 Wickets,KKR,RCB,1,18.3,Ramandeep Singh,Right Handed Bat,Yash Dayal,Left-arm fast-medium,Good length,outside leg stump,Deep Mid-Wicket,1,0,0,0,0,0,0,0
1,202501,22 MAR 2025,"Eden Gardens, Kolkata",Royal Challengers Bengaluru,7 Wickets,KKR,RCB,1,18.4,Angkrish Raghuvanshi,Right Handed Bat,Yash Dayal,Left-arm fast-medium,Full length,outside off stump,Mid-Off,0,0,0,0,0,0,0,0
1,202501,22 MAR 2025,"Eden Gardens, Kolkata",Royal Challengers Bengaluru,7 Wickets,KKR,RCB,1,18.5,Angkrish Raghuvanshi,Right Handed Bat,Yash Dayal,Left-arm fast-medium,short length,outside leg stump,Wicketkeeper,0,0,0,0,0,0,0,1
1,202501,22 MAR 2025,"Eden Gardens, Kolkata",Royal Challengers Bengaluru,7 Wickets,KKR,RCB,1,18.6,Harshit Rana,Right Handed Bat,Yash Dayal,Left-arm fast-medium,Good length,on leg stump,Deep Forward Point,1,0,0,0,0,0,0,0
1,202501,22 MAR 2025,"Eden Gardens, Kolkata",Royal Challengers Bengaluru,7 Wickets,KKR,RCB,1,19.1,Harshit Rana,Right Handed Bat,Josh Hazlewood,Right-arm fast-medium,Short length,outside off stump,Mid-Wicket,0,0,0,0,0,0,0,0
1,202501,22 MAR 2025,"Eden Gardens, Kolkata",Royal Challengers Bengaluru,7 Wickets,KKR,RCB,1,19.2,Harshit Rana,Right Handed Bat,Josh Hazlewood,Right-arm fast-medium,Short length,outside off stump,Mid-Wicket,0,0,0,0,0,0,0,0
1,202501,22 MAR 2025,"Eden Gardens, Kolkata",Royal Challengers Bengaluru,7 Wickets,KKR,RCB,1,19.3,Harshit Rana,Right Handed Bat,Josh Hazlewood,Right-arm fast-medium,Short length,outside off stump,Mid-Wicket,0,0,0,0,0,0,0,0
1,202501,22 MAR 2025,"Eden Gardens, Kolkata",Royal Challengers Bengaluru,7 Wickets,KKR,RCB,1,19.4,Harshit Rana,Right Handed Bat,Josh Hazlewood,Right-arm fast-medium,short length,outside off stump,Fine Leg,4,0,0,0,0,0,0,0
1,202501,22 MAR 2025,"Eden Gardens, Kolkata",Royal Challengers Bengaluru,7 Wickets,KKR,RCB,1,19.5,Harshit Rana,Right Handed Bat,Josh Hazlewood,Right-arm fast-medium,short length,outside off stump,Wicketkeeper,0,0,0,0,0,0,0,1
1,202501,22 MAR 2025,"Eden Gardens, Kolkata",Royal Challengers Bengaluru,7 Wickets,KKR,RCB,1,19.6,Spencer Johnson,Left Handed Bat,Josh Hazlewood,Right-arm fast-medium,Short of good length,outside leg stump,Mid-Wicket,1,0,0,0,0,0,0,0
1,202501,22 MAR 2025,"Eden Gardens, Kolkata",Royal Challengers Bengaluru,7 Wickets,RCB,KKR,2,0.1,Phil Salt,Right Handed Bat,Vaibhav Arora,Right-arm fast-medium,good length,outside off stump,Extra Cover,4,0,0,0,0,0,0,0
1,202501,22 MAR 2025,"Eden Gardens, Kolkata",Royal Challengers Bengaluru,7 Wickets,RCB,KKR,2,0.2,Phil Salt,Right Handed Bat,Vaibhav Arora,Right-arm fast-medium,Good length,outside off stump,Long-On,0,0,0,0,0,0,0,0
1,202501,22 MAR 2025,"Eden Gardens, Kolkata",Royal Challengers Bengaluru,7 Wickets,RCB,KKR,2,0.2,Phil Salt,Right Handed Bat,Vaibhav Arora,Right-arm fast-medium,Full length,on leg stump,,0,1,1,0,0,0,0,0
1,202501,22 MAR 2025,"Eden Gardens, Kolkata",Royal Challengers Bengaluru,7 Wickets,RCB,KKR,2,0.3,Phil Salt,Right Handed Bat,Vaibhav Arora,Right-arm fast-medium,Good length,outside off stump,Covers,0,0,0,0,0,0,0,0
1,202501,22 MAR 2025,"Eden Gardens, Kolkata",Royal Challengers Bengaluru,7 Wickets,RCB,KKR,2,0.4,Phil Salt,Right Handed Bat,Vaibhav Arora,Right-arm fast-medium,Full length,on middle stump,Mid-On,1,0,0,0,0,0,0,0
1,202501,22 MAR 2025,"Eden Gardens, Kolkata",Royal Challengers Bengaluru,7 Wickets,RCB,KKR,2,0.5,Virat Kohli,Right Handed Bat,Vaibhav Arora,Right-arm fast-medium,full length,outside off stump,Mid-Wicket,4,0,0,0,0,0,0,0
1,202501,22 MAR 2025,"Eden Gardens, Kolkata",Royal Challengers Bengaluru,7 Wickets,RCB,KKR,2,0.6,Virat Kohli,Right Handed Bat,Vaibhav Arora,Right-arm fast-medium,Full length,outside off stump,Square Third Man,2,0,0,0,0,0,0,0
1,202501,22 MAR 2025,"Eden Gardens, Kolkata",Royal Challengers Bengaluru,7 Wickets,RCB,KKR,2,1.1,Phil Salt,Right Handed Bat,Spencer Johnson,Left-arm fast,full length,outside off stump,Long-Off,0,0,0,0,0,0,0,0
1,202501,22 MAR 2025,"Eden Gardens, Kolkata",Royal Challengers Bengaluru,7 Wickets,RCB,KKR,2,1.2,Phil Salt,Right Handed Bat,Spencer Johnson,Left-arm fast,Good length,on middle stump,Cover,0,0,0,0,0,0,0,0
1,202501,22 MAR 2025,"Eden Gardens, Kolkata",Royal Challengers Bengaluru,7 Wickets,RCB,KKR,2,1.3,Phil Salt,Right Handed Bat,Spencer Johnson,Left-arm fast,good length,on middle stump,Cover Point,4,0,0,0,0,0,0,0
1,202501,22 MAR 2025,"Eden Gardens, Kolkata",Royal Challengers Bengaluru,7 Wickets,RCB,KKR,2,1.4,Phil Salt,Right Handed Bat,Spencer Johnson,Left-arm fast,Good length,on leg stump,Short Extra Covers,0,0,0,0,0,0,0,0
1,202501,22 MAR 2025,"Eden Gardens, Kolkata",Royal Challengers Bengaluru,7 Wickets,RCB,KKR,2,1.5,Phil Salt,Right Handed Bat,Spencer Johnson,Left-arm fast,Full length,outside off stump,Mid-On,0,0,0,0,0,0,0,0
1,202501,22 MAR 2025,"Eden Gardens, Kolkata",Royal Challengers Bengaluru,7 Wickets,RCB,KKR,2,1.6,Phil Salt,Right Handed Bat,Spencer Johnson,Left-arm fast,Short of good length,outside leg stump,Mid-Wicket,0,1,0,0,1,0,0,0
1,202501,22 MAR 2025,"Eden Gardens, Kolkata",Royal Challengers Bengaluru,7 Wickets,RCB,KKR,2,2.1,Phil Salt,Right Handed Bat,Vaibhav Arora,Right-arm fast-medium,full length,outside off stump,Mid-On,4,0,0,0,0,0,0,0
1,202501,22 MAR 2025,"Eden Gardens, Kolkata",Royal Challengers Bengaluru,7 Wickets,RCB,KKR,2,2.2,Phil Salt,Right Handed Bat,Vaibhav Arora,Right-arm fast-medium,full length,outside off stump,Long-On,6,0,0,0,0,0,0,0
1,202501,22 MAR 2025,"Eden Gardens, Kolkata",Royal Challengers Bengaluru,7 Wickets,RCB,KKR,2,2.3,Phil Salt,Right Handed Bat,Vaibhav Arora,Right-arm fast-medium,Full length,outside off stump,Deep Square Leg,1,0,0,0,0,0,0,0
1,202501,22 MAR 2025,"Eden Gardens, Kolkata",Royal Challengers Bengaluru,7 Wickets,RCB,KKR,2,2.4,Virat Kohli,Right Handed Bat,Vaibhav Arora,Right-arm fast-medium,good length,outside off stump,Straight,4,0,0,0,0,0,0,0
1,202501,22 MAR 2025,"Eden Gardens, Kolkata",Royal Challengers Bengaluru,7 Wickets,RCB,KKR,2,2.5,Virat Kohli,Right Handed Bat,Vaibhav Arora,Right-arm fast-medium,Full length,outside off stump,Extra Covers,1,0,0,0,0,0,0,0
1,202501,22 MAR 2025,"Eden Gardens, Kolkata",Royal Challengers Bengaluru,7 Wickets,RCB,KKR,2,2.6,Phil Salt,Right Handed Bat,Vaibhav Arora,Right-arm fast-medium,short length,outside off stump,Cover Point,4,0,0,0,0,0,0,0
1,202501,22 MAR 2025,"Eden Gardens, Kolkata",Royal Challengers Bengaluru,7 Wickets,RCB,KKR,2,3.1,Virat Kohli,Right Handed Bat,Varun Chakaravarthy,Right-arm legbreak,good length,outside off stump,Long-On,1,0,0,0,0,0,0,0
1,202501,22 MAR 2025,"Eden Gardens, Kolkata",Royal Challengers Bengaluru,7 Wickets,RCB,KKR,2,3.2,Phil Salt,Right Handed Bat,Varun Chakaravarthy,Right-arm legbreak,Good length,on off stump,Short Fine Leg,2,0,0,0,0,0,0,0
1,202501,22 MAR 2025,"Eden Gardens, Kolkata",Royal Challengers Bengaluru,7 Wickets,RCB,KKR,2,3.3,Phil Salt,Right Handed Bat,Varun Chakaravarthy,Right-arm legbreak,good length,outside off stump,Long Off,4,0,0,0,0,0,0,0
1,202501,22 MAR 2025,"Eden Gardens, Kolkata",Royal Challengers Bengaluru,7 Wickets,RCB,KKR,2,3.4,Phil Salt,Right Handed Bat,Varun Chakaravarthy,Right-arm legbreak,full length,on leg stump,Mid-Off,6,0,0,0,0,0,0,0
1,202501,22 MAR 2025,"Eden Gardens, Kolkata",Royal Challengers Bengaluru,7 Wickets,RCB,KKR,2,3.5,Phil Salt,Right Handed Bat,Varun Chakaravarthy,Right-arm legbreak,full length,outside off stump,Mid-On,4,0,0,0,0,0,0,0
1,202501,22 MAR 2025,"Eden Gardens, Kolkata",Royal Challengers Bengaluru,7 Wickets,RCB,KKR,2,3.6,Phil Salt,Right Handed Bat,Varun Chakaravarthy,Right-arm legbreak,good length,on leg stump,Fine Leg,4,0,0,0,0,0,0,0
1,202501,22 MAR 2025,"Eden Gardens, Kolkata",Royal Challengers Bengaluru,7 Wickets,RCB,KKR,2,4.1,Virat Kohli,Right Handed Bat,Spencer Johnson,Left-arm fast,full length,outside off stump,Long Off,6,0,0,0,0,0,0,0
1,202501,22 MAR 2025,"Eden Gardens, Kolkata",Royal Challengers Bengaluru,7 Wickets,RCB,KKR,2,4.2,Virat Kohli,Right Handed Bat,Spencer Johnson,Left-arm fast,full length,outside off stump,Straight,6,0,0,0,0,0,0,0
1,202501,22 MAR 2025,"Eden Gardens, Kolkata",Royal Challengers Bengaluru,7 Wickets,RCB,KKR,2,4.3,Virat Kohli,Right Handed Bat,Spencer Johnson,Left-arm fast,Full length,outside off stump,Mid-On,0,0,0,0,0,0,0,0
1,202501,22 MAR 2025,"Eden Gardens, Kolkata",Royal Challengers Bengaluru,7 Wickets,RCB,KKR,2,4.4,Virat Kohli,Right Handed Bat,Spencer Johnson,Left-arm fast,Short length,outside leg stump,Deep Square Leg,1,0,0,0,0,0,0,0
1,202501,22 MAR 2025,"Eden Gardens, Kolkata",Royal Challengers Bengaluru,7 Wickets,RCB,KKR,2,4.5,Phil Salt,Right Handed Bat,Spencer Johnson,Left-arm fast,Short of good length,outside leg stump,Point,0,0,0,0,0,0,0,0
1,202501,22 MAR 2025,"Eden Gardens, Kolkata",Royal Challengers Bengaluru,7 Wickets,RCB,KKR,2,4.6,Phil Salt,Right Handed Bat,Spencer Johnson,Left-arm fast,short of good length,outside leg stump,Deep Third Man,4,0,0,0,0,0,0,0
1,202501,22 MAR 2025,"Eden Gardens, Kolkata",Royal Challengers Bengaluru,7 Wickets,RCB,KKR,2,5.1,Virat Kohli,Right Handed Bat,Harshit Rana,Right-arm fast-medium,Short of good length,outside off stump,Cover,0,0,0,0,0,0,0,0
1,202501,22 MAR 2025,"Eden Gardens, Kolkata",Royal Challengers Bengaluru,7 Wickets,RCB,KKR,2,5.2,Virat Kohli,Right Handed Bat,Harshit Rana,Right-arm fast-medium,Short of good length,outside off stump,Mid-Off,1,0,0,0,0,0,0,0
1,202501,22 MAR 2025,"Eden Gardens, Kolkata",Royal Challengers Bengaluru,7 Wickets,RCB,KKR,2,5.3,Phil Salt,Right Handed Bat,Harshit Rana,Right-arm fast-medium,Good length,outside leg stump,Long-On,0,0,0,0,0,0,0,0
1,202501,22 MAR 2025,"Eden Gardens, Kolkata",Royal Challengers Bengaluru,7 Wickets,RCB,KKR,2,5.4,Phil Salt,Right Handed Bat,Harshit Rana,Right-arm fast-medium,Short length,outside off stump,Deep Mid-Wicket,1,0,0,0,0,0,0,0
1,202501,22 MAR 2025,"Eden Gardens, Kolkata",Royal Challengers Bengaluru,7 Wickets,RCB,KKR,2,5.5,Virat Kohli,Right Handed Bat,Harshit Rana,Right-arm fast-medium,Good length,outside off stump,Cover,2,0,0,0,0,0,0,0
1,202501,22 MAR 2025,"Eden Gardens, Kolkata",Royal Challengers Bengaluru,7 Wickets,RCB,KKR,2,5.6,Virat Kohli,Right Handed Bat,Harshit Rana,Right-arm fast-medium,Short of good length,outside off stump,Square Third Man,1,0,0,0,0,0,0,0
1,202501,22 MAR 2025,"Eden Gardens, Kolkata",Royal Challengers Bengaluru,7 Wickets,RCB,KKR,2,6.1,Virat Kohli,Right Handed Bat,Varun Chakaravarthy,Right-arm legbreak,Good length,outside off stump,,0,0,0,0,0,0,0,0
1,202501,22 MAR 2025,"Eden Gardens, Kolkata",Royal Challengers Bengaluru,7 Wickets,RCB,KKR,2,6.2,Virat Kohli,Right Handed Bat,Varun Chakaravarthy,Right-arm legbreak,full length,on off stump,Deep Midwicket,4,0,0,0,0,0,0,0
1,202501,22 MAR 2025,"Eden Gardens, Kolkata",Royal Challengers Bengaluru,7 Wickets,RCB,KKR,2,6.3,Virat Kohli,Right Handed Bat,Varun Chakaravarthy,Right-arm legbreak,Good length,on leg stump,Deep Backward Square Leg,1,0,0,0,0,0,0,0
1,202501,22 MAR 2025,"Eden Gardens, Kolkata",Royal Challengers Bengaluru,7 Wickets,RCB,KKR,2,6.4,Phil Salt,Right Handed Bat,Varun Chakaravarthy,Right-arm legbreak,Good length,outside off stump,,0,0,0,0,0,0,0,0
1,202501,22 MAR 2025,"Eden Gardens, Kolkata",Royal Challengers Bengaluru,7 Wickets,RCB,KKR,2,6.5,Phil Salt,Right Handed Bat,Varun Chakaravarthy,Right-arm legbreak,Full length,outside off stump,Long-Off,1,0,0,0,0,0,0,0
1,202501,22 MAR 2025,"Eden Gardens, Kolkata",Royal Challengers Bengaluru,7 Wickets,RCB,KKR,2,6.6,Virat Kohli,Right Handed Bat,Varun Chakaravarthy,Right-arm legbreak,Full length,outside off stump,Short Extra Covers,0,0,0,0,0,0,0,0
1,202501,22 MAR 2025,"Eden Gardens, Kolkata",Royal Challengers Bengaluru,7 Wickets,RCB,KKR,2,7.1,Phil Salt,Right Handed Bat,Sunil Narine,Right-arm offbreak,Full length,on leg stump,Square Leg,0,1,0,0,1,0,0,0
1,202501,22 MAR 2025,"Eden Gardens, Kolkata",Royal Challengers Bengaluru,7 Wickets,RCB,KKR,2,7.2,Virat Kohli,Right Handed Bat,Sunil Narine,Right-arm offbreak,Full length,on off stump,Backward Short Leg,0,0,0,0,0,0,0,0
1,202501,22 MAR 2025,"Eden Gardens, Kolkata",Royal Challengers Bengaluru,7 Wickets,RCB,KKR,2,7.3,Virat Kohli,Right Handed Bat,Sunil Narine,Right-arm offbreak,Good length,outside off stump,Deep Mid-Wicket,1,0,0,0,0,0,0,0
1,202501,22 MAR 2025,"Eden Gardens, Kolkata",Royal Challengers Bengaluru,7 Wickets,RCB,KKR,2,7.4,Phil Salt,Right Handed Bat,Sunil Narine,Right-arm offbreak,Good length,outside off stump,Long-Off,1,0,0,0,0,0,0,0
1,202501,22 MAR 2025,"Eden Gardens, Kolkata",Royal Challengers Bengaluru,7 Wickets,RCB,KKR,2,7.5,Virat Kohli,Right Handed Bat,Sunil Narine,Right-arm offbreak,Good length,outside off stump,Country,1,0,0,0,0,0,0,0
1,202501,22 MAR 2025,"Eden Gardens, Kolkata",Royal Challengers Bengaluru,7 Wickets,RCB,KKR,2,7.6,Phil Salt,Right Handed Bat,Sunil Narine,Right-arm offbreak,Good length,outside off stump,Deep Covers,1,0,0,0,0,0,0,0
1,202501,22 MAR 2025,"Eden Gardens, Kolkata",Royal Challengers Bengaluru,7 Wickets,RCB,KKR,2,8.1,Phil Salt,Right Handed Bat,Varun Chakaravarthy,Right-arm legbreak,good length,outside off stump,Deep Square Leg,4,0,0,0,0,0,0,0
1,202501,22 MAR 2025,"Eden Gardens, Kolkata",Royal Challengers Bengaluru,7 Wickets,RCB,KKR,2,8.2,Phil Salt,Right Handed Bat,Varun Chakaravarthy,Right-arm legbreak,Good length,outside off stump,,0,0,0,0,0,0,0,0
1,202501,22 MAR 2025,"Eden Gardens, Kolkata",Royal Challengers Bengaluru,7 Wickets,RCB,KKR,2,8.3,Phil Salt,Right Handed Bat,Varun Chakaravarthy,Right-arm legbreak,full length,outside off stump,Wicketkeeper,0,0,0,0,0,0,0,1
1,202501,22 MAR 2025,"Eden Gardens, Kolkata",Royal Challengers Bengaluru,7 Wickets,RCB,KKR,2,8.4,Devdutt Padikkal,Left Handed Bat,Varun Chakaravarthy,Right-arm legbreak,Good length,outside off stump,,0,0,0,0,0,0,0,0
1,202501,22 MAR 2025,"Eden Gardens, Kolkata",Royal Challengers Bengaluru,7 Wickets,RCB,KKR,2,8.5,Devdutt Padikkal,Left Handed Bat,Varun Chakaravarthy,Right-arm legbreak,Good length,outside off stump,,0,0,0,0,0,0,0,0
1,202501,22 MAR 2025,"Eden Gardens, Kolkata",Royal Challengers Bengaluru,7 Wickets,RCB,KKR,2,8.6,Devdutt Padikkal,Left Handed Bat,Varun Chakaravarthy,Right-arm legbreak,Good length,on middle stump,Country,1,0,0,0,0,0,0,0
1,202501,22 MAR 2025,"Eden Gardens, Kolkata",Royal Challengers Bengaluru,7 Wickets,RCB,KKR,2,9.1,Devdutt Padikkal,Left Handed Bat,Sunil Narine,Right-arm offbreak,Good length,on off stump,Wide Long-On,1,0,0,0,0,0,0,0
1,202501,22 MAR 2025,"Eden Gardens, Kolkata",Royal Challengers Bengaluru,7 Wickets,RCB,KKR,2,9.2,Virat Kohli,Right Handed Bat,Sunil Narine,Right-arm offbreak,Good length,on off stump,,0,0,0,0,0,0,0,0
1,202501,22 MAR 2025,"Eden Gardens, Kolkata",Royal Challengers Bengaluru,7 Wickets,RCB,KKR,2,9.3,Virat Kohli,Right Handed Bat,Sunil Narine,Right-arm offbreak,Full length,on off stump,Deep Mid-Wicket,1,0,0,0,0,0,0,0
1,202501,22 MAR 2025,"Eden Gardens, Kolkata",Royal Challengers Bengaluru,7 Wickets,RCB,KKR,2,9.4,Devdutt Padikkal,Left Handed Bat,Sunil Narine,Right-arm offbreak,Good length,outside off stump,Wide Long-On,1,0,0,0,0,0,0,0
1,202501,22 MAR 2025,"Eden Gardens, Kolkata",Royal Challengers Bengaluru,7 Wickets,RCB,KKR,2,9.5,Virat Kohli,Right Handed Bat,Sunil Narine,Right-arm offbreak,Good length,on off stump,Deep Mid-Wicket,1,0,0,0,0,0,0,0
1,202501,22 MAR 2025,"Eden Gardens, Kolkata",Royal Challengers Bengaluru,7 Wickets,RCB,KKR,2,9.6,Devdutt Padikkal,Left Handed Bat,Sunil Narine,Right-arm offbreak,good length,outside off stump,Country,4,0,0,0,0,0,0,0
1,202501,22 MAR 2025,"Eden Gardens, Kolkata",Royal Challengers Bengaluru,7 Wickets,RCB,KKR,2,10.1,Virat Kohli,Right Handed Bat,Varun Chakaravarthy,Right-arm legbreak,Good length,outside off stump,Deep Point,1,0,0,0,0,0,0,0
1,202501,22 MAR 2025,"Eden Gardens, Kolkata",Royal Challengers Bengaluru,7 Wickets,RCB,KKR,2,10.2,Devdutt Padikkal,Left Handed Bat,Varun Chakaravarthy,Right-arm legbreak,Full length,outside off stump,Wide Long-On,1,0,0,0,0,0,0,0
1,202501,22 MAR 2025,"Eden Gardens, Kolkata",Royal Challengers Bengaluru,7 Wickets,RCB,KKR,2,10.3,Virat Kohli,Right Handed Bat,Varun Chakaravarthy,Right-arm legbreak,full length,outside off stump,Wide Long-On,6,0,0,0,0,0,0,0
1,202501,22 MAR 2025,"Eden Gardens, Kolkata",Royal Challengers Bengaluru,7 Wickets,RCB,KKR,2,10.4,Virat Kohli,Right Handed Bat,Varun Chakaravarthy,Right-arm legbreak,Good length,outside off stump,Mid-Wicket,1,0,0,0,0,0,0,0
1,202501,22 MAR 2025,"Eden Gardens, Kolkata",Royal Challengers Bengaluru,7 Wickets,RCB,KKR,2,10.5,Devdutt Padikkal,Left Handed Bat,Varun Chakaravarthy,Right-arm legbreak,Good length,outside leg stump,Deep Square Leg,1,0,0,0,0,0,0,0
1,202501,22 MAR 2025,"Eden Gardens, Kolkata",Royal Challengers Bengaluru,7 Wickets,RCB,KKR,2,10.6,Virat Kohli,Right Handed Bat,Varun Chakaravarthy,Right-arm legbreak,Good length,outside off stump,Point,1,0,0,0,0,0,0,0
1,202501,22 MAR 2025,"Eden Gardens, Kolkata",Royal Challengers Bengaluru,7 Wickets,RCB,KKR,2,11.1,Virat Kohli,Right Handed Bat,Sunil Narine,Right-arm offbreak,Good length,outside off stump,Deep Covers,1,0,0,0,0,0,0,0
1,202501,22 MAR 2025,"Eden Gardens, Kolkata",Royal Challengers Bengaluru,7 Wickets,RCB,KKR,2,11.2,Devdutt Padikkal,Left Handed Bat,Sunil Narine,Right-arm offbreak,Good length,outside off stump,Deep Mid-Wicket,1,0,0,0,0,0,0,0
1,202501,22 MAR 2025,"Eden Gardens, Kolkata",Royal Challengers Bengaluru,7 Wickets,RCB,KKR,2,11.3,Virat Kohli,Right Handed Bat,Sunil Narine,Right-arm offbreak,Full length,outside off stump,Deep Mid-Wicket,1,0,0,0,0,0,0,0
1,202501,22 MAR 2025,"Eden Gardens, Kolkata",Royal Challengers Bengaluru,7 Wickets,RCB,KKR,2,11.4,Devdutt Padikkal,Left Handed Bat,Sunil Narine,Right-arm offbreak,full length,outside off stump,Straight,0,0,0,0,0,0,0,1
1,202501,22 MAR 2025,"Eden Gardens, Kolkata",Royal Challengers Bengaluru,7 Wickets,RCB,KKR,2,11.5,Rajat Patidar,Right Handed Bat,Sunil Narine,Right-arm offbreak,Good length,on leg stump,Short Mid-Wicket,0,0,0,0,0,0,0,0
1,202501,22 MAR 2025,"Eden Gardens, Kolkata",Royal Challengers Bengaluru,7 Wickets,RCB,KKR,2,11.6,Rajat Patidar,Right Handed Bat,Sunil Narine,Right-arm offbreak,Full length,on middle stump,Deep Mid-Wicket,1,0,0,0,0,0,0,0
1,202501,22 MAR 2025,"Eden Gardens, Kolkata",Royal Challengers Bengaluru,7 Wickets,RCB,KKR,2,12.1,Rajat Patidar,Right Handed Bat,Harshit Rana,Right-arm fast-medium,Short of good length,outside off stump,,0,0,0,0,0,0,0,0
1,202501,22 MAR 2025,"Eden Gardens, Kolkata",Royal Challengers Bengaluru,7 Wickets,RCB,KKR,2,12.2,Rajat Patidar,Right Handed Bat,Harshit Rana,Right-arm fast-medium,Short of good length,outside off stump,,0,0,0,0,0,0,0,0
1,202501,22 MAR 2025,"Eden Gardens, Kolkata",Royal Challengers Bengaluru,7 Wickets,RCB,KKR,2,12.3,Rajat Patidar,Right Handed Bat,Harshit Rana,Right-arm fast-medium,Full length,on off stump,Country,2,0,0,0,0,0,0,0
1,202501,22 MAR 2025,"Eden Gardens, Kolkata",Royal Challengers Bengaluru,7 Wickets,RCB,KKR,2,12.4,Rajat Patidar,Right Handed Bat,Harshit Rana,Right-arm fast-medium,Full length,outside off stump,Country,1,0,0,0,0,0,0,0
1,202501,22 MAR 2025,"Eden Gardens, Kolkata",Royal Challengers Bengaluru,7 Wickets,RCB,KKR,2,12.5,Virat Kohli,Right Handed Bat,Harshit Rana,Right-arm fast-medium,good length,outside off stump,Extra Cover,4,0,0,0,0,0,0,0
1,202501,22 MAR 2025,"Eden Gardens, Kolkata",Royal Challengers Bengaluru,7 Wickets,RCB,KKR,2,12.6,Virat Kohli,Right Handed Bat,Harshit Rana,Right-arm fast-medium,Good length,outside off stump,Short Extra Covers,1,0,0,0,0,0,0,0
1,202501,22 MAR 2025,"Eden Gardens, Kolkata",Royal Challengers Bengaluru,7 Wickets,RCB,KKR,2,13.1,Virat Kohli,Right Handed Bat,Sunil Narine,Right-arm offbreak,Good length,on off stump,Mid-Wicket,1,0,0,0,0,0,0,0
1,202501,22 MAR 2025,"Eden Gardens, Kolkata",Royal Challengers Bengaluru,7 Wickets,RCB,KKR,2,13.2,Rajat Patidar,Right Handed Bat,Sunil Narine,Right-arm offbreak,full length,outside off stump,Long-On,6,0,0,0,0,0,0,0
1,202501,22 MAR 2025,"Eden Gardens, Kolkata",Royal Challengers Bengaluru,7 Wickets,RCB,KKR,2,13.3,Rajat Patidar,Right Handed Bat,Sunil Narine,Right-arm offbreak,Good length,on leg stump,Deep Square Leg,1,0,0,0,0,0,0,0
1,202501,22 MAR 2025,"Eden Gardens, Kolkata",Royal Challengers Bengaluru,7 Wickets,RCB,KKR,2,13.4,Virat Kohli,Right Handed Bat,Sunil Narine,Right-arm offbreak,Good length,on off stump,Deep Mid-Wicket,1,0,0,0,0,0,0,0
1,202501,22 MAR 2025,"Eden Gardens, Kolkata",Royal Challengers Bengaluru,7 Wickets,RCB,KKR,2,13.5,Rajat Patidar,Right Handed Bat,Sunil Narine,Right-arm offbreak,Good length,outside off stump,Deep Forward Square Leg,1,0,0,0,0,0,0,0
1,202501,22 MAR 2025,"Eden Gardens, Kolkata",Royal Challengers Bengaluru,7 Wickets,RCB,KKR,2,13.6,Virat Kohli,Right Handed Bat,Sunil Narine,Right-arm offbreak,Good length,outside off stump,Country,1,0,0,0,0,0,0,0
1,202501,22 MAR 2025,"Eden Gardens, Kolkata",Royal Challengers Bengaluru,7 Wickets,RCB,KKR,2,14.1,Virat Kohli,Right Handed Bat,Harshit Rana,Right-arm fast-medium,Good length,outside off stump,Long-On,1,0,0,0,0,0,0,0
1,202501,22 MAR 2025,"Eden Gardens, Kolkata",Royal Challengers Bengaluru,7 Wickets,RCB,KKR,2,14.2,Rajat Patidar,Right Handed Bat,Harshit Rana,Right-arm fast-medium,good length,outside off stump,Extra Cover,4,0,0,0,0,0,0,0
1,202501,22 MAR 2025,"Eden Gardens, Kolkata",Royal Challengers Bengaluru,7 Wickets,RCB,KKR,2,14.3,Rajat Patidar,Right Handed Bat,Harshit Rana,Right-arm fast-medium,good length,on off stump,Short Fine Leg,4,0,0,0,0,0,0,0
1,202501,22 MAR 2025,"Eden Gardens, Kolkata",Royal Challengers Bengaluru,7 Wickets,RCB,KKR,2,14.4,Rajat Patidar,Right Handed Bat,Harshit Rana,Right-arm fast-medium,Short of good length,outside off stump,Square Fine Leg,2,0,0,0,0,0,0,0
1,202501,22 MAR 2025,"Eden Gardens, Kolkata",Royal Challengers Bengaluru,7 Wickets,RCB,KKR,2,14.5,Rajat Patidar,Right Handed Bat,Harshit Rana,Right-arm fast-medium,good length,outside off stump,Backward Point,4,0,0,0,0,0,0,0
1,202501,22 MAR 2025,"Eden Gardens, Kolkata",Royal Challengers Bengaluru,7 Wickets,RCB,KKR,2,14.6,Rajat Patidar,Right Handed Bat,Harshit Rana,Right-arm fast-medium,short of good length,outside off stump,Backward Point,4,0,0,0,0,0,0,0
1,202501,22 MAR 2025,"Eden Gardens, Kolkata",Royal Challengers Bengaluru,7 Wickets,RCB,KKR,2,15.1,Virat Kohli,Right Handed Bat,Vaibhav Arora,Right-arm fast-medium,Good length,outside off stump,Mid-Off,1,0,0,0,0,0,0,0
1,202501,22 MAR 2025,"Eden Gardens, Kolkata",Royal Challengers Bengaluru,7 Wickets,RCB,KKR,2,15.2,Rajat Patidar,Right Handed Bat,Vaibhav Arora,Right-arm fast-medium,short of good length,outside off stump,Third Man,4,0,0,0,0,0,0,0
1,202501,22 MAR 2025,"Eden Gardens, Kolkata",Royal Challengers Bengaluru,7 Wickets,RCB,KKR,2,15.3,Rajat Patidar,Right Handed Bat,Vaibhav Arora,Right-arm fast-medium,good length,outside off stump,Straight,0,0,0,0,0,0,0,1
1,202501,22 MAR 2025,"Eden Gardens, Kolkata",Royal Challengers Bengaluru,7 Wickets,RCB,KKR,2,15.4,Liam Livingstone,Right Handed Bat,Vaibhav Arora,Right-arm fast-medium,short length,outside off stump,Square Leg,4,0,0,0,0,0,0,0
1,202501,22 MAR 2025,"Eden Gardens, Kolkata",Royal Challengers Bengaluru,7 Wickets,RCB,KKR,2,15.5,Liam Livingstone,Right Handed Bat,Vaibhav Arora,Right-arm fast-medium,Good length,outside off stump,Long-On,0,0,0,0,0,0,0,0
1,202501,22 MAR 2025,"Eden Gardens, Kolkata",Royal Challengers Bengaluru,7 Wickets,RCB,KKR,2,15.6,Liam Livingstone,Right Handed Bat,Vaibhav Arora,Right-arm fast-medium,Short of good length,outside off stump,Deep Forward Point,1,0,0,0,0,0,0,0
1,202501,22 MAR 2025,"Eden Gardens, Kolkata",Royal Challengers Bengaluru,7 Wickets,RCB,KKR,2,16.1,Liam Livingstone,Right Handed Bat,Spencer Johnson,Left-arm fast,short length,outside leg stump,Fine Leg,6,0,0,0,0,0,0,0
1,202501,22 MAR 2025,"Eden Gardens, Kolkata",Royal Challengers Bengaluru,7 Wickets,RCB,KKR,2,16.2,Liam Livingstone,Right Handed Bat,Spencer Johnson,Left-arm fast,full length,outside off stump,Mid-On,4,0,0,0,0,0,0,0
